{
  "4_channels": {
    "mean_accuracy": 0.34782608695652173,
    "std_accuracy": 0.0,
    "all_accuracies": [
      0.34782608695652173,
      0.34782608695652173,
      0.34782608695652173
    ]
  },
  "6_channels": {
    "mean_accuracy": 0.2608695652173913,
    "std_accuracy": 0.0,
    "all_accuracies": [
      0.2608695652173913,
      0.2608695652173913,
      0.2608695652173913
    ]
  },
  "9_channels": {
    "mean_accuracy": 0.43478260869565216,
    "std_accuracy": 0.0,
    "all_accuracies": [
      0.43478260869565216,
      0.43478260869565216,
      0.43478260869565216
    ]
  },
  "12_channels": {
    "mean_accuracy": 0.5217391304347826,
    "std_accuracy": 0.0,
    "all_accuracies": [
      0.5217391304347826,
      0.5217391304347826,
      0.5217391304347826
    ]
  },
  "62_channels": {
    "mean_accuracy": 0.7391304347826088,
    "std_accuracy": 1.1102230246251565e-16,
    "all_accuracies": [
      0.7391304347826086,
      0.7391304347826086,
      0.7391304347826086
    ]
  }
}