{
  "svm": {
    "mean_accuracy": 0.7391304347826088,
    "std_accuracy": 1.1102230246251565e-16,
    "all_accuracies": [
      0.7391304347826086,
      0.7391304347826086,
      0.7391304347826086
    ]
  },
  "logistic": {
    "mean_accuracy": 0.7391304347826088,
    "std_accuracy": 1.1102230246251565e-16,
    "all_accuracies": [
      0.7391304347826086,
      0.7391304347826086,
      0.7391304347826086
    ]
  },
  "knn": {
    "mean_accuracy": 0.34782608695652173,
    "std_accuracy": 0.0,
    "all_accuracies": [
      0.34782608695652173,
      0.34782608695652173,
      0.34782608695652173
    ]
  }
}