{
  "frequency_analysis": {
    "delta": {
      "mean_accuracy": 0.17391304347826086,
      "std_accuracy": 0.0,
      "all_accuracies": [
        0.17391304347826086,
        0.17391304347826086,
        0.17391304347826086
      ]
    },
    "theta": {
      "mean_accuracy": 0.5652173913043478,
      "std_accuracy": 0.0,
      "all_accuracies": [
        0.5652173913043478,
        0.5652173913043478,
        0.5652173913043478
      ]
    },
    "alpha": {
      "mean_accuracy": 0.30434782608695654,
      "std_accuracy": 0.0,
      "all_accuracies": [
        0.30434782608695654,
        0.30434782608695654,
        0.30434782608695654
      ]
    },
    "beta": {
      "mean_accuracy": 0.43478260869565216,
      "std_accuracy": 0.0,
      "all_accuracies": [
        0.43478260869565216,
        0.43478260869565216,
        0.43478260869565216
      ]
    },
    "gamma": {
      "mean_accuracy": 0.6521739130434783,
      "std_accuracy": 0.0,
      "all_accuracies": [
        0.6521739130434783,
        0.6521739130434783,
        0.6521739130434783
      ]
    },
    "all_5_bands": {
      "mean_accuracy": 0.7391304347826088,
      "std_accuracy": 1.1102230246251565e-16,
      "all_accuracies": [
        0.7391304347826086,
        0.7391304347826086,
        0.7391304347826086
      ]
    }
  },
  "channel_analysis": {
    "4_channels": {
      "mean_accuracy": 0.34782608695652173,
      "std_accuracy": 0.0,
      "all_accuracies": [
        0.34782608695652173,
        0.34782608695652173,
        0.34782608695652173
      ]
    },
    "6_channels": {
      "mean_accuracy": 0.2608695652173913,
      "std_accuracy": 0.0,
      "all_accuracies": [
        0.2608695652173913,
        0.2608695652173913,
        0.2608695652173913
      ]
    },
    "9_channels": {
      "mean_accuracy": 0.43478260869565216,
      "std_accuracy": 0.0,
      "all_accuracies": [
        0.43478260869565216,
        0.43478260869565216,
        0.43478260869565216
      ]
    },
    "12_channels": {
      "mean_accuracy": 0.5217391304347826,
      "std_accuracy": 0.0,
      "all_accuracies": [
        0.5217391304347826,
        0.5217391304347826,
        0.5217391304347826
      ]
    },
    "62_channels": {
      "mean_accuracy": 0.7391304347826088,
      "std_accuracy": 1.1102230246251565e-16,
      "all_accuracies": [
        0.7391304347826086,
        0.7391304347826086,
        0.7391304347826086
      ]
    }
  },
  "classifier_comparison": {
    "svm": {
      "mean_accuracy": 0.7391304347826088,
      "std_accuracy": 1.1102230246251565e-16,
      "all_accuracies": [
        0.7391304347826086,
        0.7391304347826086,
        0.7391304347826086
      ]
    },
    "logistic": {
      "mean_accuracy": 0.7391304347826088,
      "std_accuracy": 1.1102230246251565e-16,
      "all_accuracies": [
        0.7391304347826086,
        0.7391304347826086,
        0.7391304347826086
      ]
    },
    "knn": {
      "mean_accuracy": 0.34782608695652173,
      "std_accuracy": 0.0,
      "all_accuracies": [
        0.34782608695652173,
        0.34782608695652173,
        0.34782608695652173
      ]
    }
  },
  "feature_comparison": {
    "psd": {
      "mean_accuracy": 0.6086956521739131,
      "std_accuracy": 0.0,
      "all_accuracies": [
        0.6086956521739131,
        0.6086956521739131,
        0.6086956521739131
      ]
    },
    "de": {
      "mean_accuracy": 0.7391304347826088,
      "std_accuracy": 1.1102230246251565e-16,
      "all_accuracies": [
        0.7391304347826086,
        0.7391304347826086,
        0.7391304347826086
      ]
    },
    "dasm": {
      "mean_accuracy": 0.6956521739130435,
      "std_accuracy": 0.0,
      "all_accuracies": [
        0.6956521739130435,
        0.6956521739130435,
        0.6956521739130435
      ]
    },
    "rasm": {
      "mean_accuracy": 0.6086956521739131,
      "std_accuracy": 0.0,
      "all_accuracies": [
        0.6086956521739131,
        0.6086956521739131,
        0.6086956521739131
      ]
    }
  },
  "experiment_info": {
    "total_runtime": 76.91302609443665,
    "timestamp": "2025-11-12 11:25:10",
    "note": "Demo results using synthetic data"
  }
}