{
  "psd": {
    "mean_accuracy": 0.6086956521739131,
    "std_accuracy": 0.0,
    "all_accuracies": [
      0.6086956521739131,
      0.6086956521739131,
      0.6086956521739131
    ]
  },
  "de": {
    "mean_accuracy": 0.7391304347826088,
    "std_accuracy": 1.1102230246251565e-16,
    "all_accuracies": [
      0.7391304347826086,
      0.7391304347826086,
      0.7391304347826086
    ]
  },
  "dasm": {
    "mean_accuracy": 0.6956521739130435,
    "std_accuracy": 0.0,
    "all_accuracies": [
      0.6956521739130435,
      0.6956521739130435,
      0.6956521739130435
    ]
  },
  "rasm": {
    "mean_accuracy": 0.6086956521739131,
    "std_accuracy": 0.0,
    "all_accuracies": [
      0.6086956521739131,
      0.6086956521739131,
      0.6086956521739131
    ]
  }
}