{
  "delta": {
    "mean_accuracy": 0.17391304347826086,
    "std_accuracy": 0.0,
    "all_accuracies": [
      0.17391304347826086,
      0.17391304347826086,
      0.17391304347826086
    ]
  },
  "theta": {
    "mean_accuracy": 0.5652173913043478,
    "std_accuracy": 0.0,
    "all_accuracies": [
      0.5652173913043478,
      0.5652173913043478,
      0.5652173913043478
    ]
  },
  "alpha": {
    "mean_accuracy": 0.30434782608695654,
    "std_accuracy": 0.0,
    "all_accuracies": [
      0.30434782608695654,
      0.30434782608695654,
      0.30434782608695654
    ]
  },
  "beta": {
    "mean_accuracy": 0.43478260869565216,
    "std_accuracy": 0.0,
    "all_accuracies": [
      0.43478260869565216,
      0.43478260869565216,
      0.43478260869565216
    ]
  },
  "gamma": {
    "mean_accuracy": 0.6521739130434783,
    "std_accuracy": 0.0,
    "all_accuracies": [
      0.6521739130434783,
      0.6521739130434783,
      0.6521739130434783
    ]
  },
  "all_5_bands": {
    "mean_accuracy": 0.7391304347826088,
    "std_accuracy": 1.1102230246251565e-16,
    "all_accuracies": [
      0.7391304347826086,
      0.7391304347826086,
      0.7391304347826086
    ]
  }
}