{
  "svm": {
    "mean_accuracy": 0.8644444444444446,
    "std_accuracy": 0.0,
    "all_accuracies": [
      0.8644444444444446
    ]
  },
  "logistic": {
    "mean_accuracy": 0.8770370370370371,
    "std_accuracy": 0.0,
    "all_accuracies": [
      0.8770370370370371
    ]
  },
  "knn": {
    "mean_accuracy": 0.5577777777777777,
    "std_accuracy": 0.0,
    "all_accuracies": [
      0.5577777777777777
    ]
  },
  "dbn": {
    "mean_accuracy": 0.8762962962962962,
    "std_accuracy": 0.0,
    "all_accuracies": [
      0.8762962962962962
    ]
  }
}