{
  "alpha": {
    "mean_accuracy": 0.41574074074074074,
    "std_accuracy": 0.0009259259259259134,
    "all_accuracies": [
      0.41481481481481486,
      0.4166666666666667
    ]
  },
  "beta": {
    "mean_accuracy": 0.6472222222222223,
    "std_accuracy": 0.012037037037037068,
    "all_accuracies": [
      0.6592592592592593,
      0.6351851851851852
    ]
  },
  "all_5_bands": {
    "mean_accuracy": 0.6111111111111112,
    "std_accuracy": 0.020370370370370428,
    "all_accuracies": [
      0.6314814814814816,
      0.5907407407407408
    ]
  }
}