{
  "delta": {
    "mean_accuracy": 0.4933333333333333,
    "std_accuracy": 0.0,
    "all_accuracies": [
      0.4933333333333333
    ]
  },
  "theta": {
    "mean_accuracy": 0.5844444444444444,
    "std_accuracy": 0.0,
    "all_accuracies": [
      0.5844444444444444
    ]
  },
  "alpha": {
    "mean_accuracy": 0.6103703703703703,
    "std_accuracy": 0.0,
    "all_accuracies": [
      0.6103703703703703
    ]
  },
  "beta": {
    "mean_accuracy": 0.8659259259259258,
    "std_accuracy": 0.0,
    "all_accuracies": [
      0.8659259259259258
    ]
  },
  "gamma": {
    "mean_accuracy": 0.8674074074074075,
    "std_accuracy": 0.0,
    "all_accuracies": [
      0.8674074074074075
    ]
  },
  "all_5_bands": {
    "mean_accuracy": 0.8644444444444446,
    "std_accuracy": 0.0,
    "all_accuracies": [
      0.8644444444444446
    ]
  }
}